{
    "counter": {
        "ACTIVE": 18356,
        "INACTIVE": 2644,
        "INVALID": 0,
        "MALICIOUS": 0,
        "SANE": 0,
        "VALID": 0,
        "total": 21000
    },
    "percentage": {
        "ACTIVE": 87.4095238095238,
        "INACTIVE": 12.591075765512644,
        "INVALID": 0,
        "MALICIOUS": 0,
        "SANE": 0,
        "VALID": 0,
        "total": 100.00059957503645
    }
}