{
    "counter": {
        "ACTIVE": 18078,
        "INACTIVE": 2922,
        "INVALID": 0,
        "MALICIOUS": 0,
        "SANE": 0,
        "VALID": 0,
        "total": 21000
    },
    "percentage": {
        "ACTIVE": 86.08571428571429,
        "INACTIVE": 13.914948330872898,
        "INVALID": 0,
        "MALICIOUS": 0,
        "SANE": 0,
        "VALID": 0,
        "total": 100.00066261658719
    }
}