{
    "counter": {
        "ACTIVE": 17826,
        "INACTIVE": 3174,
        "INVALID": 0,
        "MALICIOUS": 0,
        "SANE": 0,
        "VALID": 0,
        "total": 21000
    },
    "percentage": {
        "ACTIVE": 84.88571428571429,
        "INACTIVE": 15.115005476451259,
        "INVALID": 0,
        "MALICIOUS": 0,
        "SANE": 0,
        "VALID": 0,
        "total": 100.00071976216555
    }
}