{
    "counter": {
        "ACTIVE": 19333,
        "INACTIVE": 1667,
        "INVALID": 0,
        "MALICIOUS": 0,
        "SANE": 0,
        "VALID": 0,
        "total": 21000
    },
    "percentage": {
        "ACTIVE": 92.06190476190476,
        "INACTIVE": 7.9411204268292686,
        "INVALID": 0,
        "MALICIOUS": 0,
        "SANE": 0,
        "VALID": 0,
        "total": 100.00302518873403
    }
}