{
    "counter": {
        "ACTIVE": 15948,
        "INACTIVE": 5050,
        "INVALID": 2,
        "MALICIOUS": 0,
        "SANE": 0,
        "VALID": 0,
        "total": 21000
    },
    "percentage": {
        "ACTIVE": 76.7357936775249,
        "INACTIVE": 24.047619047619047,
        "INVALID": 0.010036130068245684,
        "MALICIOUS": 0,
        "SANE": 0,
        "VALID": 0,
        "total": 100.79344885521219
    }
}