{
    "counter": {
        "ACTIVE": 18864,
        "INACTIVE": 2136,
        "INVALID": 0,
        "MALICIOUS": 0,
        "SANE": 0,
        "VALID": 0,
        "total": 21000
    },
    "percentage": {
        "ACTIVE": 89.82857142857142,
        "INACTIVE": 10.187437401631135,
        "INVALID": 0,
        "MALICIOUS": 0,
        "SANE": 0,
        "VALID": 0,
        "total": 100.01600883020255
    }
}