{
    "counter": {
        "ACTIVE": 18424,
        "INACTIVE": 2576,
        "INVALID": 0,
        "MALICIOUS": 0,
        "SANE": 0,
        "VALID": 0,
        "total": 21000
    },
    "percentage": {
        "ACTIVE": 87.73333333333333,
        "INACTIVE": 12.26725082146769,
        "INVALID": 0,
        "MALICIOUS": 0,
        "SANE": 0,
        "VALID": 0,
        "total": 100.00058415480102
    }
}