{
    "counter": {
        "ACTIVE": 16407,
        "INACTIVE": 4593,
        "INVALID": 0,
        "MALICIOUS": 0,
        "SANE": 0,
        "VALID": 0,
        "total": 21000
    },
    "percentage": {
        "ACTIVE": 78.12857142857143,
        "INACTIVE": 21.88601925092919,
        "INVALID": 0,
        "MALICIOUS": 0,
        "SANE": 0,
        "VALID": 0,
        "total": 100.01459067950063
    }
}